date,demand_score,bottleneck_score,substitution_score,stress_score,breadth_score,regime
2026-04-24,52.3,60.4,91.9,18.7,81.2,Mixed / Transition
2026-04-27,52.6,56.0,87.2,19.4,78.6,Mixed / Transition
2026-04-28,51.9,56.9,86.9,24.7,75.0,Mixed / Transition
2026-04-29,46.6,53.1,89.1,20.2,69.6,Mixed / Transition
2026-04-30,43.5,50.5,92.7,20.1,69.6,Mixed / Transition
2026-05-01,46.3,51.1,94.3,14.6,67.9,Mixed / Transition
2026-05-04,51.7,54.2,93.4,8.8,70.5,Mixed / Transition
2026-05-05,51.8,51.0,93.5,6.5,70.5,Mixed / Transition
2026-05-06,50.7,40.2,87.9,6.9,66.1,Mixed / Transition
2026-05-07,51.3,34.1,79.0,14.1,59.8,Mixed / Transition
2026-05-08,44.1,34.8,79.9,21.6,53.6,Mixed / Transition
2026-05-11,34.4,30.4,80.2,18.4,55.4,Mixed / Transition
2026-05-12,33.1,31.6,72.2,41.3,52.7,Mixed / Transition
2026-05-13,34.8,36.9,68.9,22.8,54.5,Mixed / Transition
2026-05-14,35.8,41.2,67.5,13.7,59.8,Mixed / Transition
2026-05-15,39.1,42.1,66.0,22.2,53.6,Mixed / Transition
2026-05-18,38.3,36.5,61.3,46.2,44.6,Mixed / Transition
2026-05-19,35.6,37.9,67.1,52.3,37.5,Mixed / Transition
2026-05-20,32.5,38.3,71.5,52.0,47.3,Mixed / Transition
2026-05-21,36.2,44.5,75.9,20.8,52.7,Mixed / Transition
2026-05-22,34.2,44.8,85.0,18.7,58.0,Mixed / Transition
2026-05-26,30.7,48.9,88.7,22.4,61.6,Mixed / Transition
2026-05-27,35.0,53.0,90.0,19.0,61.6,Mixed / Transition
2026-05-28,38.7,55.5,91.9,16.6,59.8,Mixed / Transition
2026-05-29,45.2,61.7,92.1,18.0,58.0,Mixed / Transition
2026-06-01,44.4,74.1,88.8,13.2,58.0,Mixed / Transition
2026-06-02,37.8,86.4,94.2,15.6,65.2,Mixed / Transition
2026-06-03,33.0,85.8,93.9,38.1,63.4,Mixed / Transition
2026-06-04,40.6,85.7,94.3,50.4,58.0,Mixed / Transition
2026-06-05,40.8,80.0,92.7,60.5,50.0,C
2026-06-08,37.0,91.1,94.9,50.0,52.7,Mixed / Transition
2026-06-09,40.8,89.7,93.7,55.8,47.3,Mixed / Transition
2026-06-10,40.4,88.2,93.9,59.9,42.0,Mixed / Transition
2026-06-11,25.4,100.0,96.4,66.6,41.1,C
2026-06-12,22.1,91.9,96.4,62.4,43.8,C
2026-06-15,20.3,98.1,96.7,38.0,54.5,Mixed / Transition
2026-06-16,25.9,94.7,96.1,17.0,57.1,Mixed / Transition
2026-06-17,21.6,99.0,96.4,18.5,58.0,Mixed / Transition
2026-06-18,21.4,99.8,97.0,17.4,61.6,Mixed / Transition
2026-06-22,13.0,100.0,96.9,35.2,56.2,Mixed / Transition
2026-06-23,19.8,94.1,95.7,31.4,50.9,Mixed / Transition
2026-06-24,19.9,92.8,95.5,42.4,50.9,Mixed / Transition
2026-06-25,4.3,100.0,96.7,51.9,54.5,Mixed / Transition
2026-06-26,9.9,100.0,94.5,66.8,44.6,C
2026-06-29,7.8,100.0,94.1,66.1,49.1,C
2026-06-30,7.3,100.0,95.4,74.3,52.7,C
2026-07-01,17.0,91.3,92.2,90.9,44.6,C
2026-07-02,23.5,80.8,86.4,92.3,42.0,C
2026-07-06,21.6,74.9,90.3,92.0,51.8,C
2026-07-07,25.2,67.1,86.4,91.3,42.0,C
2026-07-08,24.8,67.9,83.9,85.7,50.9,C
2026-07-09,21.5,72.0,84.8,88.6,48.2,C
2026-07-10,20.0,66.0,76.0,86.7,50.9,C
2026-07-13,27.6,62.5,67.6,90.2,42.9,C
2026-07-14,25.0,67.3,64.3,90.3,48.2,C
2026-07-15,36.3,60.6,54.9,90.8,48.2,C
2026-07-16,33.8,58.1,47.0,90.5,35.7,Mixed / Transition
2026-07-17,35.8,58.0,43.2,90.8,33.0,Mixed / Transition
2026-07-20,34.6,56.1,43.1,90.3,34.8,Mixed / Transition
2026-07-21,35.7,61.3,43.4,90.2,39.3,C
2026-07-22,31.4,63.8,45.7,89.9,45.5,C
2026-07-23,27.3,69.9,55.9,89.2,44.6,C
2026-07-24,34.0,67.8,49.9,89.1,33.9,C
2026-07-27,38.3,64.6,55.3,89.4,27.7,C
2026-07-28,42.6,59.4,40.7,89.5,26.8,Mixed / Transition
2026-07-29,44.4,55.5,35.1,89.8,25.0,Mixed / Transition
2026-07-30,40.3,64.9,46.1,84.7,26.8,C
2026-07-31,48.2,64.4,45.4,81.7,33.9,C
2026-08-03,53.9,69.6,48.3,67.0,44.6,C
2026-08-04,42.8,76.2,66.4,52.3,53.6,Mixed / Transition
2026-08-05,47.1,75.3,57.3,70.0,47.3,C
2026-08-06,52.2,74.9,54.6,79.5,45.5,C
2026-08-07,50.6,71.9,61.8,76.1,51.8,C
2026-08-10,52.8,72.4,65.6,71.5,50.0,C
2026-08-11,51.2,73.5,71.3,56.4,58.0,Mixed / Transition
2026-08-12,41.9,80.7,77.5,29.3,65.2,Mixed / Transition
2026-08-13,42.1,83.7,80.8,30.9,67.9,Mixed / Transition
2026-08-14,40.4,78.2,74.2,27.1,68.8,Mixed / Transition
2026-08-17,36.4,84.6,76.4,28.3,66.1,Mixed / Transition
2026-08-18,38.6,75.9,61.8,50.1,50.0,Mixed / Transition
2026-08-19,43.5,77.4,57.0,65.9,47.3,C
2026-08-20,47.9,76.6,54.5,65.8,43.8,C
2026-08-21,47.3,77.6,59.6,51.7,46.4,Mixed / Transition
2026-08-24,47.4,80.1,57.0,52.0,42.0,Mixed / Transition
2026-08-25,45.3,79.8,57.5,41.5,50.9,Mixed / Transition
2026-08-26,46.4,82.7,67.9,42.0,54.5,Mixed / Transition
2026-08-27,44.6,66.1,43.5,58.8,50.9,Mixed / Transition
2026-08-28,44.6,66.1,43.5,58.8,50.9,Mixed / Transition
2026-08-31,39.1,60.2,41.9,80.6,34.8,C
2026-09-01,41.7,62.2,36.8,87.8,28.6,C
2026-09-02,41.7,60.1,37.3,87.2,32.1,C
2026-09-03,46.7,56.2,26.5,82.8,34.8,Mixed / Transition
2026-09-04,50.4,59.7,26.3,60.1,50.0,Mixed / Transition
2026-09-08,50.4,59.7,26.3,60.1,50.0,Mixed / Transition
